t_s,track_id,est_e_m,est_n_m,est_u_m,est_vel_e,est_vel_n,est_vel_u,pos_err_m,az_err_deg,el_err_deg,range_err_m
-0.0600,1,-1212.1566,1294.8864,11.7224,0.0000,0.0000,0.0000,115.7882,0.6756,-3.6788,-0.5383
0.0400,1,-1211.2190,1290.2200,16.1132,0.0540,-0.1535,0.1144,110.9590,0.5945,-3.5395,-2.7811
0.1400,1,-1207.6532,1288.8889,21.3023,0.3165,-0.3018,0.3884,106.1210,0.6493,-3.3737,-4.3849
0.2400,1,-1210.4532,1292.3658,27.7005,-0.1046,0.1867,0.9013,100.0865,0.6601,-3.1719,1.8666
0.3400,1,-1211.0522,1294.2902,30.7385,-0.2905,0.5227,1.2195,97.5720,0.6885,-3.0780,5.4095
0.4400,1,-1209.2061,1295.9875,32.2826,-0.0322,0.7365,1.4099,96.8115,0.7696,-3.0312,7.0680
0.5400,1,-1208.4328,1297.5060,34.8409,0.0253,1.0385,1.7963,95.0315,0.8213,-2.9520,9.3282
0.6400,1,-1210.7936,1294.2688,38.9970,-0.2943,0.3006,2.5243,90.1735,0.6941,-2.8202,10.2687
0.8400,1,-1206.4727,1288.9079,45.1598,1.9496,-2.2642,3.7775,83.5491,0.6777,-2.6212,6.7243
0.9400,1,-1206.4420,1288.8183,50.8138,1.8567,-2.1744,5.0597,78.3156,0.6764,-2.4406,8.3606
1.0400,1,-1206.2563,1288.6008,51.3197,1.8567,-2.1744,5.0597,78.0118,0.6760,-2.4267,9.6496
1.1400,1,-1203.7809,1284.9517,55.6154,3.2747,-3.9578,6.0704,73.2690,0.6537,-2.2857,6.9783
1.2400,1,-1203.7292,1283.4828,60.7438,3.3008,-4.3730,7.3429,68.1742,0.6222,-2.1205,7.5868
1.3400,1,-1201.3466,1280.8021,67.9966,4.4670,-5.6340,9.2267,60.9560,0.6190,-1.8828,5.8096
1.4400,1,-1201.8846,1278.6918,73.1102,4.2450,-6.1765,10.4762,55.6209,0.5591,-1.7174,6.3813
1.5400,1,-1205.6415,1277.3393,74.7656,2.5407,-5.9478,10.6737,53.6457,0.4396,-1.6683,9.5727
1.7400,1,-1203.6433,1277.4462,82.3468,3.0030,-5.5358,12.3733,47.4944,0.4894,-1.4248,11.6743
1.8400,1,-1202.9504,1275.1732,87.3274,3.3583,-6.3254,13.5393,42.4813,0.4550,-1.2618,11.3119
1.9400,1,-1200.3828,1272.0557,90.4266,4.5669,-7.6482,14.0679,38.8336,0.4461,-1.1566,8.9665
2.0400,1,-1197.8900,1269.6934,92.4744,5.5805,-8.5477,14.2531,36.5287,0.4524,-1.0864,7.1696
2.1400,1,-1195.8286,1267.8402,101.1006,6.2754,-9.0975,16.5059,28.8096,0.4598,-0.8015,6.4081
2.2400,1,-1192.9956,1265.0678,102.8685,7.3485,-10.0875,16.5221,26.7976,0.4651,-0.7385,4.0755
2.3400,1,-1192.2607,1264.0591,104.5207,7.3485,-10.0875,16.5221,25.3973,0.4599,-0.6844,4.4550
2.4400,1,-1191.0996,1262.4520,106.3430,7.5678,-10.3659,16.5691,23.6701,0.4514,-0.6232,4.1194
2.5400,1,-1192.2309,1256.0475,109.8776,7.2776,-12.3341,17.1247,17.4721,0.2787,-0.5016,1.9884
2.6400,1,-1190.2294,1253.9760,111.1306,7.8299,-12.7633,16.9729,16.1955,0.2796,-0.4568,0.7088
2.7400,1,-1189.4506,1251.4636,117.6499,7.9057,-13.2196,18.4170,10.2407,0.2409,-0.2390,0.3012
2.8400,1,-1185.8353,1250.5131,119.4276,8.9181,-13.2840,18.3835,10.6999,0.3063,-0.1756,-1.2338
2.9400,1,-1185.3739,1248.3587,128.2857,8.7958,-13.5347,20.4490,8.8758,0.2681,0.1194,-0.9602
3.0400,1,-1185.0661,1245.6526,126.0459,8.6977,-14.0045,19.1955,6.8043,0.2134,0.0479,-1.7793
3.1400,1,-1183.1668,1245.0233,124.9252,9.0193,-13.8057,18.3189,7.6497,0.2448,0.0123,-2.1077
3.2400,1,-1181.6927,1244.5861,127.5166,9.1552,-13.5061,18.5378,8.8066,0.2705,0.0990,-1.7331
3.3400,1,-1184.7941,1239.4557,126.7626,8.0281,-14.5851,17.8052,3.7222,0.0773,0.0752,-1.8468
3.4400,1,-1182.4358,1237.9967,127.1882,8.5533,-14.6803,17.4182,5.0743,0.1006,0.0933,-2.9793
3.5400,1,-1184.3067,1237.7370,130.7644,7.5800,-14.1151,17.9500,6.3760,0.0493,0.2068,-0.0959
3.6400,1,-1183.7541,1237.8745,131.9798,7.4301,-13.5944,17.8069,7.7101,0.0659,0.2453,1.2279
3.7400,1,-1183.7829,1235.7421,134.6985,7.2212,-13.8014,18.0572,10.2060,0.0158,0.3370,1.4357
3.8400,1,-1180.2814,1233.3986,135.5775,8.1515,-14.2572,17.7834,11.3337,0.0463,0.3745,-1.0840
3.9400,1,-1180.6802,1229.8404,135.0725,7.8919,-14.8789,17.1806,11.0342,-0.0461,0.3611,-1.8971
4.0400,1,-1179.5346,1226.9647,137.7482,8.0670,-15.3249,17.4124,14.1496,-0.0853,0.4555,-3.0294
4.1400,1,-1174.8967,1229.1454,137.8846,9.0506,-14.3754,17.0056,14.3058,0.0783,0.4618,-3.1359
4.2400,1,-1173.9916,1227.7078,139.5852,9.0506,-14.3754,17.0056,15.9416,0.0669,0.5206,-3.1442
4.3400,1,-1172.5583,1223.9649,140.8712,9.3169,-15.0904,16.8788,17.7716,0.0144,0.5713,-5.2084
4.4400,1,-1173.7700,1220.2320,137.5423,8.8172,-15.6690,15.6520,15.2071,-0.1026,0.4619,-5.8164
4.5400,1,-1179.0031,1217.1127,143.0791,7.1170,-15.8306,16.6465,21.2029,-0.3032,0.6414,-2.4616
4.6400,1,-1175.9018,1218.8823,147.4639,7.6321,-14.9620,17.3034,24.0878,-0.1862,0.7884,-1.4547
4.7400,1,-1173.6619,1219.3977,146.8493,7.9658,-14.4656,16.7575,23.0974,-0.1195,0.7686,-1.1743
4.8400,1,-1172.8624,1219.5062,145.2318,7.9118,-14.0441,16.0067,21.3276,-0.0975,0.7129,-0.2756
4.9400,1,-1169.2438,1221.5466,142.4618,8.5539,-13.2291,15.0110,18.3973,0.0388,0.6200,-0.0273
5.0400,1,-1171.3387,1221.9159,145.9573,7.6727,-12.6322,15.5026,21.8997,-0.0037,0.7299,3.4914
5.1400,1,-1171.6949,1220.6292,146.2568,7.3779,-12.5969,15.2319,22.3452,-0.0426,0.7392,4.3499
5.2400,1,-1170.8747,1218.1015,151.4406,7.4382,-12.9243,16.0300,27.5327,-0.0819,0.9178,3.9348
5.3400,1,-1169.5233,1216.8148,151.5206,7.6045,-12.9549,15.6917,27.6159,-0.0791,0.9234,3.5974
5.4400,1,-1167.6048,1216.5604,154.4334,7.8556,-12.7228,15.9817,30.4782,-0.0381,1.0234,3.8663
5.5400,1,-1167.7679,1214.8645,157.5448,7.6218,-12.7869,16.3096,33.7019,-0.0820,1.1290,4.5598
5.6400,1,-1167.0057,1213.5858,159.1757,7.6218,-12.7869,16.3096,35.3848,-0.0935,1.1859,4.7810
5.7400,1,-1163.5992,1213.8799,159.3096,8.2327,-12.5006,15.9881,35.4153,-0.0029,1.1945,4.1682
5.8400,1,-1162.7759,1212.6299,160.9084,8.2327,-12.5006,15.9881,37.0467,-0.0121,1.2505,4.3665
5.9400,1,-1157.3154,1213.2800,158.3436,9.3276,-12.2344,15.1147,34.7298,0.1380,1.1716,2.3464
6.0400,1,-1156.2912,1212.5154,160.2438,9.3287,-12.1218,15.1965,36.6688,0.1453,1.2373,2.7837
6.1400,1,-1155.8087,1209.7860,161.8368,9.2827,-12.4783,15.2018,38.1560,0.0927,1.2960,2.1514
6.2400,1,-1153.1435,1210.2451,160.2433,9.6476,-12.1468,14.5860,36.8316,0.1696,1.2441,2.0102
6.3400,1,-1150.4421,1212.8809,158.0268,9.9200,-11.2987,13.8851,35.3905,0.2990,1.1659,3.3610
6.4400,1,-1150.5131,1211.0837,157.5604,9.7033,-11.4254,13.5285,34.6725,0.2548,1.1513,3.5803
6.5400,1,-1149.6556,1211.3280,156.9157,9.6265,-11.0972,13.1578,34.2941,0.2819,1.1279,4.6205
6.6400,1,-1150.3958,1208.6865,155.8933,9.3023,-11.4040,12.7141,32.8380,0.2010,1.0948,4.6386
6.7400,1,-1151.8934,1206.4364,157.5745,8.7769,-11.5619,12.8016,34.2375,0.1105,1.1511,5.7153
6.8400,1,-1149.2331,1205.8666,158.8968,9.1685,-11.4999,12.8000,35.6987,0.1631,1.2006,5.1138
6.9400,1,-1148.8693,1203.9493,158.0865,9.0855,-11.6686,12.4114,34.7917,0.1267,1.1755,4.9179
7.0400,1,-1147.7204,1203.6189,153.6588,9.1352,-11.5151,11.3774,30.5450,0.1474,1.0248,4.9894
7.1400,1,-1146.6708,1201.9378,153.0921,9.2007,-11.6553,11.0620,29.9286,0.1336,1.0088,4.5166
7.2400,1,-1144.2273,1199.7478,156.0406,9.5887,-11.9527,11.3732,32.8453,0.1425,1.1173,3.0450
7.3400,1,-1142.4060,1199.1689,157.5621,9.7557,-11.8465,11.4401,34.5061,0.1742,1.1721,3.0322
7.4400,1,-1140.9938,1197.0253,158.3281,9.9036,-12.0918,11.3616,35.2416,0.1584,1.2038,2.1024
7.5400,1,-1141.3868,1194.3513,155.6918,9.6809,-12.3898,10.6964,32.4348,0.0846,1.1158,1.7096
7.6400,1,-1143.0989,1189.8283,154.7154,9.2426,-13.0344,10.3330,31.4801,-0.0669,1.0861,1.0581
7.7400,1,-1138.7086,1189.0020,156.6349,10.0017,-13.0862,10.4631,33.5429,0.0234,1.1612,-0.8686
7.8400,1,-1139.7702,1187.5214,155.8123,9.5543,-13.0371,10.1562,32.6561,-0.0390,1.1311,0.2331
7.9400,1,-1138.3453,1187.7181,155.4381,9.5940,-12.7244,9.9273,32.2489,0.0016,1.1181,0.8694
8.0400,1,-1137.3859,1186.4457,156.4309,9.5940,-12.7244,9.9273,33.2747,-0.0050,1.1547,0.8997
8.1400,1,-1135.9850,1185.2484,159.4501,9.6762,-12.7155,10.2662,36.3379,0.0014,1.2622,0.8754
8.2400,1,-1136.8422,1182.0556,158.4359,9.3791,-13.0762,9.9229,35.4790,-0.0974,1.2300,0.5881
8.3400,1,-1135.9564,1181.0483,155.2163,9.3806,-13.0349,9.2248,32.3014,-0.0995,1.1201,0.4596
8.4400,1,-1133.9415,1179.8225,153.6102,9.6356,-13.0916,8.7991,30.7522,-0.0784,1.0689,-0.4492
8.5400,1,-1131.1095,1178.4778,156.0945,10.0445,-13.1865,9.0482,33.3522,-0.0395,1.1620,-1.6215
8.6400,1,-1130.2378,1175.6672,152.7877,10.1252,-13.5503,8.3494,30.3731,-0.0858,1.0527,-3.0400
8.7400,1,-1129.5266,1173.3487,151.6904,10.1242,-13.7678,8.0302,29.5698,-0.1242,1.0186,-3.7846
8.8400,1,-1130.0705,1172.7641,149.6852,9.7540,-13.5245,7.5946,27.4795,-0.1523,0.9459,-2.5009
8.9400,1,-1131.2799,1170.7190,149.9823,9.3085,-13.5657,7.5312,28.1114,-0.2329,0.9554,-1.5909
9.0400,1,-1131.1259,1168.0476,151.0700,9.2063,-13.8189,7.5802,29.7036,-0.2944,0.9970,-1.9972
9.1400,1,-1132.9144,1166.5423,150.6243,8.6187,-13.7051,7.4079,29.8604,-0.3766,0.9779,-0.3626
9.2400,1,-1129.5292,1166.5290,153.7535,9.0853,-13.5200,7.7777,32.1894,-0.2912,1.0921,-0.9147
9.3400,1,-1130.3151,1165.6953,151.9447,8.6981,-13.3266,7.3866,30.6809,-0.3316,1.0261,0.3761
9.4400,1,-1128.6525,1165.0243,151.1354,8.8485,-13.2342,7.1432,29.7286,-0.3059,1.0002,0.1810
9.5400,1,-1125.7912,1163.6077,150.7306,9.3031,-13.3788,6.9535,29.2225,-0.2681,0.9929,-1.3395
9.6400,1,-1124.3434,1163.7839,150.2545,9.3387,-13.0744,6.7790,28.4350,-0.2269,0.9761,-0.7475
9.7400,1,-1124.2351,1161.8706,149.9068,9.1988,-13.1722,6.6215,28.4316,-0.2712,0.9656,-0.7123
9.8400,1,-1125.2623,1158.2264,147.1345,8.9312,-13.6153,6.0882,27.0160,-0.3874,0.8713,-1.3474
9.9400,1,-1123.9907,1155.6036,144.9554,9.1142,-13.9486,5.6476,25.6892,-0.4199,0.8005,-2.7876
10.0400,1,-1124.1232,1152.3197,144.1691,9.0066,-14.3277,5.4341,26.3834,-0.5048,0.7769,-3.5967
10.1400,1,-1122.1252,1151.1894,145.8397,9.2239,-14.3154,5.6008,27.6045,-0.4819,0.8400,-4.1301
10.2400,1,-1118.8676,1149.8511,143.7556,9.7623,-14.4590,5.1829,25.6515,-0.4320,0.7735,-6.0238
10.3400,1,-1116.0528,1150.1175,143.2513,10.0765,-14.1896,5.0274,24.3569,-0.3532,0.7583,-6.3203
10.4400,1,-1113.9166,1149.7213,141.8788,10.2817,-14.0420,4.7432,22.8047,-0.3082,0.7122,-6.6946
10.5400,1,-1113.2957,1149.1282,141.4636,10.1474,-13.8392,4.6174,22.2287,-0.3070,0.6971,-6.0740
10.6400,1,-1113.2182,1150.4904,142.6799,9.7584,-13.1461,4.7566,22.2573,-0.2711,0.7344,-3.5333
10.7400,1,-1112.2903,1148.9530,141.5969,9.7751,-13.2080,4.5213,21.5063,-0.2855,0.6984,-3.8604
10.8400,1,-1114.5597,1146.3609,142.4246,9.1229,-13.2919,4.5903,23.4711,-0.4086,0.7257,-2.5544
10.9400,1,-1114.4089,1144.5362,139.8458,9.0096,-13.3847,4.1378,21.9538,-0.4503,0.6354,-2.6768
11.0400,1,-1112.2602,1144.7173,137.0442,9.2215,-13.1442,3.6604,18.7610,-0.3905,0.5368,-2.7702
11.1400,1,-1111.6746,1145.2890,138.1136,9.0187,-12.6835,3.7800,18.9367,-0.3611,0.5719,-1.1642
11.2400,1,-1112.5180,1142.5918,137.6544,8.7245,-12.9081,3.6573,20.0099,-0.4504,0.5566,-1.0329
11.3400,1,-1110.9895,1141.0836,135.5861,8.9080,-13.0221,3.2905,18.5356,-0.4488,0.4863,-1.8367
11.4400,1,-1108.2709,1141.0037,134.2988,9.2560,-12.8729,3.0475,16.4398,-0.3807,0.4432,-2.3792
11.5400,1,-1107.9716,1140.0385,134.4391,9.0951,-12.7601,3.0292,16.7457,-0.3972,0.4479,-1.7532
11.6400,1,-1106.7456,1139.9020,136.3493,9.0784,-12.5033,3.2721,17.6712,-0.3689,0.5161,-1.0278
11.7400,1,-1105.6543,1139.8486,135.4541,9.0528,-12.2505,3.0983,16.4597,-0.3420,0.4834,-0.3876
11.8400,1,-1106.5117,1139.6633,134.8750,8.5936,-11.9048,2.9847,16.4086,-0.3688,0.4582,1.5376
11.9400,1,-1105.2120,1138.4058,135.2711,8.6969,-11.9479,2.9960,16.6969,-0.3668,0.4748,1.2820
12.0400,1,-1102.4874,1140.0843,136.0584,8.9255,-11.4003,3.0745,15.7598,-0.2539,0.5021,2.1730
12.1400,1,-1103.6116,1137.6567,135.6622,8.5581,-11.5733,2.9751,16.7583,-0.3441,0.4877,2.6928
12.2400,1,-1102.3193,1136.1618,134.3817,8.6936,-11.6942,2.7388,15.7755,-0.3482,0.4447,2.1303
12.3400,1,-1100.6574,1136.0743,134.2168,8.8067,-11.4995,2.6764,15.0222,-0.3073,0.4393,2.4129
12.4400,1,-1100.6172,1133.9446,133.8639,8.6854,-11.6773,2.5844,15.6295,-0.3599,0.4283,2.3436
12.5400,1,-1100.0717,1133.3743,134.4843,8.5693,-11.5145,2.6428,16.2117,-0.3601,0.4499,3.1216
12.6400,1,-1098.5185,1133.9990,133.9252,8.6185,-11.1558,2.5288,15.0260,-0.3039,0.4286,3.9556
12.7400,1,-1096.4176,1133.3979,133.1101,8.8768,-11.1272,2.3684,13.7143,-0.2643,0.4019,3.5123
12.8400,1,-1093.4908,1132.7284,134.9468,9.2989,-11.1428,2.5937,14.4380,-0.2047,0.4728,2.6737
12.9400,1,-1091.4354,1131.6176,135.0745,9.5570,-11.2168,2.5681,14.2606,-0.1789,0.4811,1.9779
13.0400,1,-1089.6089,1130.8402,135.2545,9.7341,-11.1944,2.5541,14.1960,-0.1506,0.4902,1.6846
13.1400,1,-1087.6991,1129.4409,135.7960,9.9642,-11.3181,2.5892,14.6249,-0.1358,0.5140,0.9189
13.2400,1,-1087.1482,1126.1654,136.4618,9.9999,-11.7842,2.6390,15.9240,-0.2045,0.5436,-0.2417
13.3400,1,-1084.4027,1125.1990,136.9362,10.3841,-11.8471,2.6615,16.1318,-0.1567,0.5660,-1.2803
13.4400,1,-1082.6721,1122.5928,139.0114,10.6205,-12.2074,2.9146,18.5685,-0.1773,0.6483,-2.6513
13.5400,1,-1081.9997,1123.0845,136.9811,10.4387,-11.8034,2.5863,16.1896,-0.1470,0.5715,-1.4306
13.6400,1,-1081.2017,1122.5315,136.6308,10.3462,-11.6463,2.5019,15.7503,-0.1400,0.5585,-0.8977
13.7400,1,-1079.3634,1121.6250,138.8862,10.4962,-11.6204,2.7928,17.8769,-0.1144,0.6439,-1.1077
13.8400,1,-1078.9841,1121.4674,139.4646,10.2730,-11.3387,2.8457,18.3198,-0.1084,0.6631,0.0805
13.9400,1,-1076.4841,1121.8114,141.3546,10.5004,-11.0746,3.0814,20.0149,-0.0332,0.7338,0.2841
14.0400,1,-1075.6076,1120.4805,140.9809,10.4812,-11.1218,2.9811,19.6921,-0.0438,0.7221,0.2014
14.1400,1,-1073.9045,1119.7259,142.2899,10.5997,-11.0716,3.1279,21.0133,-0.0178,0.7726,0.1156
14.2400,1,-1071.7433,1117.2869,140.9358,10.9564,-11.4717,2.8702,19.9209,-0.0225,0.7306,-1.7386
14.3400,1,-1070.4712,1116.6567,140.7031,10.9677,-11.3665,2.7957,19.6828,-0.0047,0.7233,-1.5777
14.4400,1,-1070.9598,1115.3154,141.8822,10.6068,-11.3025,2.9351,20.8061,-0.0521,0.7655,-0.5857
14.5400,1,-1070.5162,1113.3467,140.7173,10.5322,-11.4727,2.7192,19.8105,-0.0909,0.7253,-0.8998
14.6400,1,-1067.5377,1112.2404,139.2500,10.9906,-11.6052,2.4533,18.5023,-0.0396,0.6775,-2.3702
14.7400,1,-1067.1008,1112.0833,139.0657,10.7750,-11.3291,2.3989,18.1396,-0.0319,0.6689,-1.2891
14.8400,1,-1065.7741,1111.0007,137.6399,10.8443,-11.3488,2.1522,16.7870,-0.0241,0.6187,-1.5979
14.9400,1,-1065.3253,1108.1244,139.5290,10.7964,-11.7032,2.3932,18.9678,-0.0863,0.6931,-2.2925
15.0400,1,-1066.1184,1106.2815,136.8962,10.4314,-11.7659,1.9750,16.6584,-0.1552,0.5951,-1.7912
15.1400,1,-1065.4994,1104.8688,136.5583,10.3532,-11.7988,1.8968,16.4975,-0.1752,0.5840,-1.7504
15.2400,1,-1065.1821,1102.5544,137.3496,10.2554,-12.0150,1.9834,17.7640,-0.2267,0.6163,-2.0464
15.3400,1,-1064.2225,1102.4368,138.1757,10.1634,-11.7479,2.0827,18.2363,-0.2040,0.6462,-1.2090
15.4400,1,-1062.4336,1100.6391,137.3295,10.3934,-11.9561,1.9189,17.6401,-0.2025,0.6199,-2.2987
15.5400,1,-1059.6193,1101.0038,135.9076,10.7190,-11.7167,1.6785,15.7903,-0.1171,0.5694,-2.5973
15.6400,1,-1058.5502,1100.5644,136.3372,10.6680,-11.5400,1.7214,16.0409,-0.0996,0.5856,-2.1012
15.7400,1,-1057.9943,1099.7830,133.8689,10.5480,-11.4423,1.3334,13.6075,-0.1049,0.4935,-1.7520
15.8400,1,-1057.4419,1097.6904,134.5737,10.4877,-11.6299,1.4159,14.6323,-0.1445,0.5226,-2.0619
15.9400,1,-1056.7601,1097.5346,134.7429,10.3358,-11.3656,1.4275,14.5498,-0.1301,0.5275,-1.1182
16.0400,1,-1054.9339,1097.4874,135.1742,10.4473,-11.1550,1.4723,14.7174,-0.0818,0.5446,-0.8635
16.1400,1,-1054.1069,1096.3094,134.7313,10.4057,-11.1612,1.3850,14.3358,-0.0901,0.5294,-0.8078
16.2400,1,-1053.7436,1095.2378,132.5598,10.2649,-11.1277,1.0434,12.2880,-0.1082,0.4482,-0.5065
16.3400,1,-1053.9555,1093.8933,131.2848,10.0023,-11.1149,0.8422,11.3509,-0.1492,0.3998,0.0764
16.4400,1,-1053.1282,1092.7107,131.3321,9.9668,-11.1210,0.8372,11.4963,-0.1576,0.4028,0.1718
16.5400,1,-1052.6624,1091.3058,129.7719,9.8761,-11.1717,0.5918,10.3586,-0.1818,0.3453,0.2199
16.6400,1,-1052.4260,1089.5118,131.4849,9.7291,-11.2694,0.8404,12.3962,-0.2225,0.4109,0.4290
16.7400,1,-1052.5320,1088.9105,131.7575,9.4397,-11.0711,0.8774,12.9077,-0.2412,0.4189,1.6068
16.8400,1,-1050.9514,1087.3830,132.2173,9.6134,-11.2101,0.9277,13.2789,-0.2383,0.4400,0.9700
16.9400,1,-1049.9641,1086.0035,133.2623,9.6279,-11.2650,1.0696,14.3449,-0.2478,0.4815,0.9013
17.0400,1,-1048.5019,1084.5171,132.2884,9.7785,-11.3941,0.9019,13.5187,-0.2471,0.4483,0.2507
17.1400,1,-1047.2566,1083.1147,131.7323,9.8644,-11.4808,0.8015,13.1227,-0.2501,0.4301,-0.1528
17.2400,1,-1045.4849,1082.3710,128.4802,10.0530,-11.4657,0.2957,10.0457,-0.2213,0.3096,-0.6806
17.3400,1,-1043.6924,1081.0524,127.7804,10.2564,-11.5653,0.1802,9.4110,-0.2071,0.2868,-1.4142
17.4400,1,-1041.7596,1080.0796,128.1556,10.4554,-11.5769,0.2305,9.4786,-0.1798,0.3042,-1.9056
17.5400,1,-1041.4066,1079.3360,129.3724,10.2541,-11.4207,0.4176,10.4970,-0.1898,0.3494,-1.0672
17.6400,1,-1040.6575,1079.5022,129.0983,10.1064,-11.0899,0.3783,9.8437,-0.1648,0.3369,0.0218
17.7400,1,-1039.7612,1078.6247,130.5120,10.0519,-11.0137,0.5893,11.1271,-0.1634,0.3912,0.4063
17.8400,1,-1038.5757,1078.2170,131.2446,10.0434,-10.8516,0.6947,11.6312,-0.1416,0.4192,0.8697
17.9400,1,-1037.6668,1076.4039,131.6642,10.0651,-11.0182,0.7446,12.2649,-0.1647,0.4382,0.4892
18.0400,1,-1036.3558,1073.6291,131.1938,10.2511,-11.4479,0.6507,12.3748,-0.2024,0.4266,-0.9365
18.1400,1,-1035.0253,1071.0486,129.8247,10.4299,-11.8289,0.4222,11.8801,-0.2345,0.3801,-2.3142
18.2400,1,-1033.7940,1069.5169,129.6139,10.4997,-11.9281,0.3806,11.9490,-0.2414,0.3751,-2.7707
18.3400,1,-1032.4873,1067.3602,128.7226,10.6318,-12.1872,0.2317,11.9170,-0.2630,0.3457,-3.7858
18.4400,1,-1032.2165,1064.8619,127.0819,10.5416,-12.4615,-0.0260,12.0223,-0.3226,0.2859,-4.3909
18.5400,1,-1030.1515,1062.4651,127.6133,10.8527,-12.8021,0.0442,13.2216,-0.3297,0.3132,-5.9806
18.6400,1,-1029.7040,1062.0747,127.8992,10.6401,-12.5415,0.0957,12.9380,-0.3278,0.3226,-5.0340
18.7400,1,-1027.9775,1061.5932,128.2746,10.7443,-12.3934,0.1527,12.6370,-0.2928,0.3387,-5.0315
18.8400,1,-1028.7874,1058.7471,127.4071,10.4074,-12.6696,0.0180,13.8316,-0.3922,0.3067,-5.0684
18.9400,1,-1026.8006,1058.7241,125.8588,10.5659,-12.4427,-0.2190,11.9505,-0.3374,0.2481,-5.0845
19.0400,1,-1026.6666,1056.2380,125.8439,10.4265,-12.6851,-0.2198,13.3486,-0.4010,0.2502,-5.4444
19.1400,1,-1026.0867,1054.6188,125.7487,10.3394,-12.7410,-0.2306,13.8945,-0.4288,0.2481,-5.5005
19.2400,1,-1023.1152,1054.5533,125.1305,10.7296,-12.5783,-0.3261,12.3321,-0.3475,0.2276,-6.1514
19.3400,1,-1020.6367,1053.8561,124.1134,11.0386,-12.5424,-0.4828,11.4362,-0.2970,0.1920,-6.9437
19.4400,1,-1019.4717,1052.6248,125.1031,11.0425,-12.5313,-0.3222,11.9823,-0.2978,0.2324,-7.0373
19.5400,1,-1016.7401,1052.8916,125.7699,11.3273,-12.2595,-0.2142,11.2320,-0.2137,0.2604,-7.1699
19.6400,1,-1017.5162,1051.0754,125.5111,10.9094,-12.2811,-0.2442,11.6496,-0.2850,0.2493,-6.4440
19.7400,1,-1018.8752,1048.8504,126.2793,10.3785,-12.3573,-0.1136,13.3272,-0.3839,0.2778,-5.5154
19.8400,1,-1019.9619,1046.7204,125.8969,9.9291,-12.4406,-0.1650,14.6295,-0.4726,0.2619,-4.8028
19.9400,1,-1020.0769,1045.3498,122.4027,9.7014,-12.4310,-0.7013,14.2204,-0.5134,0.1252,-4.4849
